Action,Campaign,Campaign status,Budget,Budget type,Campaign type,Networks,Languages,Locations,Bidding strategy type,Ad group,Ad group status,Ad type,Keyword,Headline 1,Headline 2,Headline 3,Description 1,Description 2,Max CPC,Final URL,Results
Add,Search-344 Tashkent Uzb ru,Enabled,500,Daily,Search,Google search;Search partners,ru;kk;en,Tashkent,Manual CPC,,,,,,,,,,,,"Entity with ""Campaign: Search-344 Tashkent Uzb ru"" cannot be created as it already exists."
Add,Search-344 Tashkent Uzb ru,,,,,,,,,1001 роза цена,Enabled,,,,,,,,0.5,,"Entity with ""Ad group: 1001 роза цена"" cannot be created as it already exists."
Add,Search-344 Tashkent Uzb ru,,,,,,,,,1001 роза цена,,,+1001 +роза +цена,,,,,,0.5,,"Entity with ""Keyword: 1001 роза цена"" cannot be created as it already exists."
Add,Search-344 Tashkent Uzb ru,,,,,,,,,1001 роза цена,,,+1001 +роза +цена +Алматы,,,,,,0.5,,"Entity with ""Keyword: 1001 роза цена Алматы"" cannot be created as it already exists."
Add,Search-344 Tashkent Uzb ru,,,,,,,,,1001 роза цена,,,[1001 роза цена Алматы],,,,,,0.5,,"Entity with ""Keyword: 1001 роза цена Алматы"" cannot be created as it already exists."
Add,Search-344 Tashkent Uzb ru,,,,,,,,,1001 роза цена,,,[1001 роза цена],,,,,,0.5,,"Entity with ""Keyword: 1001 роза цена"" cannot be created as it already exists."
Add,Search-344 Tashkent Uzb ru,,,,,,,,,букеты онлайн,,Responsive search ad,,Закажи Онлайн за 5 минут Ташкент,Доставка за 2 часа. Звоните,Гарантия свежести цветов,20+ лет на рынке. Более 100тыс довольных клиентов. Открытка в подарок. Онлайн оплата,Более 100 видов цветов. Авторский дизайн букета. Скидки постоянным клиентам,,https://uz.henrybonnar.com/?utm_source=google&utm_medium=cpc&utm_campaign={campaignid}&utm_content={adgroupid}&utm_term={keyword},This value is too long. Shorten it and try again.
Add,Search-344 Tashkent Uzb ru,,,,,,,,,доставка цветов в шляпных коробках,,Responsive search ad,,Цветы в шляпной коробке Ташкент,Доставка за 2 часа. Звоните,Лучшие букеты и подарки,20+ лет на рынке. Более 100тыс довольных клиентов. Открытка в подарок. Онлайн оплата,Более 100 видов цветов. Авторский дизайн букета. Скидки постоянным клиентам,,https://uz.henrybonnar.com/?utm_source=google&utm_medium=cpc&utm_campaign={campaignid}&utm_content={adgroupid}&utm_term={keyword},This value is too long. Shorten it and try again.
Add,Search-344 Tashkent Uzb ru,,,,,,,,,заказ цветов,,Responsive search ad,,Заказать цветы недорого Ташкент,Доставка за 2 часа. Звоните,Лучшие букеты и подарки,20+ лет на рынке. Более 100тыс довольных клиентов. Открытка в подарок. Онлайн оплата,Более 100 видов цветов. Авторский дизайн букета. Скидки постоянным клиентам,,https://uz.henrybonnar.com/?utm_source=google&utm_medium=cpc&utm_campaign={campaignid}&utm_content={adgroupid}&utm_term={keyword},This value is too long. Shorten it and try again.
Add,Search-344 Tashkent Uzb ru,,,,,,,,,заказать корзину цветов,,Responsive search ad,,Заказать корзину цветов Ташкент,Доставка за 2 часа. Звоните,Лучшие букеты и подарки,20+ лет на рынке. Более 100тыс довольных клиентов. Открытка в подарок. Онлайн оплата,Более 100 видов цветов. Авторский дизайн букета. Скидки постоянным клиентам,,https://uz.henrybonnar.com/?utm_source=google&utm_medium=cpc&utm_campaign={campaignid}&utm_content={adgroupid}&utm_term={keyword},This value is too long. Shorten it and try again.
Add,Search-344 Tashkent Uzb ru,,,,,,,,,заказать розы в коробке,,Responsive search ad,,Заказать розы в коробке Ташкент,Доставка за 2 часа. Звоните,Лучшие букеты и подарки,20+ лет на рынке. Более 100тыс довольных клиентов. Открытка в подарок. Онлайн оплата,Более 100 видов цветов. Авторский дизайн букета. Скидки постоянным клиентам,,https://uz.henrybonnar.com/?utm_source=google&utm_medium=cpc&utm_campaign={campaignid}&utm_content={adgroupid}&utm_term={keyword},This value is too long. Shorten it and try again.
Add,Search-344 Tashkent Uzb ru,,,,,,,,,заказать цветы,,Responsive search ad,,Заказать цветы недорого Ташкент,Доставка за 2 часа. Звоните,Лучшие букеты и подарки,20+ лет на рынке. Более 100тыс довольных клиентов. Открытка в подарок. Онлайн оплата,Более 100 видов цветов. Авторский дизайн букета. Скидки постоянным клиентам,,https://uz.henrybonnar.com/?utm_source=google&utm_medium=cpc&utm_campaign={campaignid}&utm_content={adgroupid}&utm_term={keyword},This value is too long. Shorten it and try again.
Add,Search-344 Tashkent Uzb ru,,,,,,,,,розы в коробке купить,,Responsive search ad,,Розы в коробке недорого Ташкент,Доставка за 2 часа. Звоните,Лучшие букеты и подарки,20+ лет на рынке. Более 100тыс довольных клиентов. Открытка в подарок. Онлайн оплата,Более 100 видов цветов. Авторский дизайн букета. Скидки постоянным клиентам,,https://uz.henrybonnar.com/?utm_source=google&utm_medium=cpc&utm_campaign={campaignid}&utm_content={adgroupid}&utm_term={keyword},This value is too long. Shorten it and try again.
Add,Search-344 Tashkent Uzb ru,,,,,,,,,розы в коробке цена,,Responsive search ad,,Розы в коробке недорого Ташкент,Доставка за 2 часа. Звоните,Лучшие букеты и подарки,20+ лет на рынке. Более 100тыс довольных клиентов. Открытка в подарок. Онлайн оплата,Более 100 видов цветов. Авторский дизайн букета. Скидки постоянным клиентам,,https://uz.henrybonnar.com/?utm_source=google&utm_medium=cpc&utm_campaign={campaignid}&utm_content={adgroupid}&utm_term={keyword},This value is too long. Shorten it and try again.
